Unnamed: 0,Base ID,Bereich,Question Names,From Date,Answer A,Answer B,Answer C
0,klTokenVote,Natur,Muellwandler,19.Sep.2020,0,0,0
1,nlTokenVote,Natur,Chaos zu Hause,19.Sep.2020,0,0,0
2,neTokenVote,Natur,Windkraftanlagen,19.Sep.2020,0,0,0
3,knTokenVote,Natur,Schafe auf dem Dach,19.Sep.2020,0,0,0
4,enTokenVote,Mensch,Iconen des Konsums,19.Sep.2020,0,0,0
5,koTokenVote,Mensch,Smartin,19.Sep.2020,0,0,0
6,reTokenVote,Mensch,Nicht Regional,19.Sep.2020,0,0,0
7,zwTokenVote,Mensch,Zeitbank,19.Sep.2020,0,0,0
8,nkTokenVote,Technik,Zahn-O-Bots,19.Sep.2020,0,0,0
9,eeTokenVote,Technik,Reiseziel: E-Dorado,19.Sep.2020,0,0,0
10,suTokenVote,Technik,Digitale Nachlass,19.Sep.2020,0,0,0
11,mmTokenVote,Technik,Robert 8.0,19.Sep.2020,0,0,0
12,gtTokenVote,Technik,Genetische Partner,19.Sep.2020,0,0,0
