Unnamed: 0,TokenName,TokenIDs,Bereich,From Data,Total Scans
0,ProductionCircles,klTokenProductionCircles,Natur,19.Sep.2020,0
1,Products,klTokenProducts,Natur,19.Sep.2020,0
2,Materials,klTokenMaterials,Natur,19.Sep.2020,0
3,NewMedicine,nlTokenNewMedicine,Natur,19.Sep.2020,0
4,Bioinspiration,nlTokenBioinspiration,Natur,19.Sep.2020,0
5,Insects,nlTokenInsects,Natur,19.Sep.2020,0
6,Organisms,nlTokenOrganisms,Natur,19.Sep.2020,0
7,EnergySystems,neTokenEnergySystems,Natur,19.Sep.2020,0
8,WaterInCities,knTokenWaterInCities,Natur,19.Sep.2020,0
9,GreenCity,knTokenGreenCity,Natur,19.Sep.2020,0
10,Farming,knTokenFarming,Natur,19.Sep.2020,0
11,Construction,knTokenConstruction,Natur,19.Sep.2020,0
12,StatusQuo,enTokenStatusQuo,Mensch,19.Sep.2020,0
13,PigDog,enTokenPigDog,Mensch,19.Sep.2020,0
14,Solutions,enTokenSolutions,Mensch,19.Sep.2020,0
15,City,koTokenCity,Mensch,19.Sep.2020,0
16,Economy,koTokenEconomy,Mensch,19.Sep.2020,0
17,Energy,reTokenEnergy,Mensch,19.Sep.2020,0
18,Supply,reTokenSupply,Mensch,19.Sep.2020,0
19,Production,reTokenProduction,Mensch,19.Sep.2020,0
20,SlowMovement,zwTokenSlowMovement,Mensch,19.Sep.2020,0
21,ClimateEngineering,nkTokenClimateEngineering,Technik,19.Sep.2020,0
22,Carbon,nkTokenCarbon,Technik,19.Sep.2020,0
23,NanoRacer,nkTokenNanoRacer,Technik,19.Sep.2020,0
24,Graphen,nkTokenGraphen,Technik,19.Sep.2020,0
25,EngineeredFood,nkTokenEngineeredFood,Technik,19.Sep.2020,0
26,Creations,nkTokenCreations,Technik,19.Sep.2020,0
27,NuclearFusion,eeTokenNuclearFusion,Technik,19.Sep.2020,0
28,SolarSpace,eeTokenSolarSpace,Technik,19.Sep.2020,0
29,NuclearEnergy,eeTokenNuclearEnergy,Technik,19.Sep.2020,0
30,SmartDistricts,suTokenSmartDistricts,Technik,19.Sep.2020,0
31,FutureShopping,suTokenFutureShopping,Technik,19.Sep.2020,0
32,VirtualProduction,suTokenVirtualProduction,Technik,19.Sep.2020,0
33,MediRobots,mmTokenMediRobots,Technik,19.Sep.2020,0
34,Workplace,mmTokenWorkplace,Technik,19.Sep.2020,0
35,Cyborgs,mmTokenCyborgs,Technik,19.Sep.2020,0
36,Bci,mmTokenBci,Technik,19.Sep.2020,0
37,Genetics1,gtTokenGenetics1,Genetic,19.Sep.2020,0
38,Genetics2,gtTokenGenetics2,Genetic,19.Sep.2020,0
39,Genetics3,gtTokenGenetics3,Genetic,19.Sep.2020,0
40,Genetics4,gtTokenGenetics4,Genetic,19.Sep.2020,0
41,Genetics0,gtTokenGenetics0,Genetic,19.Sep.2020,0
42,GeneticsDetails,gtTokenGeneticsDetails,Technik,19.Sep.2020,0
43,FutureMachine,gaTokenFutureMachine,Galerie,19.Sep.2020,0
