Unnamed: 0,Base ID,Bereich,Question Names,From Date,Answer A,Answer B,Answer C
0,klTokenVote,Natur,Muellwandler,23.Sep.2020,0,0,0
1,nlTokenVote,Natur,Chaos zu Hause,23.Sep.2020,0,0,0
2,neTokenVote,Natur,Windkraftanlagen,23.Sep.2020,0,0,0
3,knTokenVote,Natur,Schafe auf dem Dach,23.Sep.2020,0,0,0
4,enTokenVote,Mensch,Iconen des Konsums,23.Sep.2020,0,0,0
5,koTokenVote,Mensch,Smartin,23.Sep.2020,0,0,0
6,reTokenVote,Mensch,Nicht Regional,23.Sep.2020,0,0,0
7,zwTokenVote,Mensch,Zeitbank,23.Sep.2020,0,0,0
8,nkTokenVote,Technik,Zahn-O-Bots,23.Sep.2020,0,0,0
9,eeTokenVote,Technik,Reiseziel: E-Dorado,23.Sep.2020,0,0,0
10,suTokenVote,Technik,Digitale Nachlass,23.Sep.2020,0,0,0
11,mmTokenVote,Technik,Robert 8.0,23.Sep.2020,0,0,0
12,gtTokenVote,Technik,Genetische Partner,23.Sep.2020,0,0,0
